code,area,year,number_of_jobs,job_density,gcode,lat,lon
E09000001,City of London,2000,361000,67.1,E09000001,51.5161,-0.0919444
E09000002,Barking and Dagenham,2000,57000,0.56,E09000002,51.5636,0.152614
E09000003,Barnet,2000,138000,0.67,E09000003,51.5878,-0.229105
E09000004,Bexley,2000,76000,0.55,E09000004,51.5524,-0.30256
E09000005,Brent,2000,122000,0.67,E09000005,51.4042,0.01998
E09000006,Bromley,2000,115000,0.62,E09000006,51.4042,0.01998
E09000007,Camden,2000,291000,2.05,E09000007,51.5275,-0.124663
E09000008,Croydon,2000,160000,0.73,E09000008,51.3726,-0.096801
E09000009,Ealing,2000,134000,0.64,E09000009,51.6537,-0.080609
E09000010,Enfield,2000,113000,0.63,E09000010,51.6537,-0.080609
E09000011,Greenwich,2000,84000,0.6,E09000011,51.4893,0.0647926
E09000012,Hackney,2000,102000,0.75,E09000012,51.5419,-0.0552553
E09000013,Hammersmith and Fulham,2000,120000,1,E09000013,51.5064,-0.137447
E09000014,Haringey,2000,74000,0.48,E09000014,51.6002,-0.111927
E09000015,Harrow,2000,81000,0.59,E09000015,51.5846,-0.332159
E09000016,Havering,2000,89000,0.63,E09000016,51.5817,0.186821
E09000017,Hillingdon,2000,177000,1.11,E09000017,51.5289,-0.481374
E09000018,Hounslow,2000,146000,1,E09000018,51.4984,-0.1284
E09000019,Islington,2000,173000,1.36,E09000019,51.4984,-0.1284
E09000020,Kensington and Chelsea,2000,147000,1.31,E09000020,51.5013,-0.194346
E09000021,Kingston upon Thames,2000,85000,0.85,E09000021,51.4029,-0.256523
E09000022,Lambeth,2000,140000,0.73,E09000022,51.4603,-0.11663
E09000023,Lewisham,2000,76000,0.44,E09000023,51.447,-0.0187319
E09000024,Merton,2000,84000,0.66,E09000024,51.3985,-0.1986
E09000025,Newham,2000,79000,0.5,E09000025,51.533,0.0540634
E09000026,Redbridge,2000,83000,0.53,E09000026,51.592,0.0836183
E09000027,Richmond upon Thames,2000,82000,0.7,E09000027,51.4479,-0.326159
E09000028,Southwark,2000,182000,1.05,E09000028,51.4737,-0.0821115
E09000029,Sutton,2000,78000,0.67,E09000029,51.3652,-0.195167
E09000030,Tower Hamlets,2000,152000,1.15,E09000030,51.5104,-0.0054912
E09000031,Waltham Forest,2000,74000,0.5,E09000031,51.5916,-0.0053665
E09000032,Wandsworth,2000,127000,0.65,E09000032,51.4572,-0.194519
E09000033,Westminster,2000,616000,4.23,E09000033,51.4974,-0.136655
E09000001,City of London,2001,339000,59.14,E09000001,51.5161,-0.0919444
E09000002,Barking and Dagenham,2001,54000,0.52,E09000002,51.5636,0.152614
E09000003,Barnet,2001,138000,0.65,E09000003,51.5878,-0.229105
E09000004,Bexley,2001,75000,0.54,E09000004,51.5524,-0.30256
E09000005,Brent,2001,116000,0.62,E09000005,51.4042,0.01998
E09000006,Bromley,2001,114000,0.61,E09000006,51.4042,0.01998
E09000007,Camden,2001,294000,1.98,E09000007,51.5275,-0.124663
E09000008,Croydon,2001,156000,0.71,E09000008,51.3726,-0.096801
E09000009,Ealing,2001,134000,0.63,E09000009,51.6537,-0.080609
E09000010,Enfield,2001,111000,0.61,E09000010,51.6537,-0.080609
E09000011,Greenwich,2001,71000,0.5,E09000011,51.4893,0.0647926
E09000012,Hackney,2001,108000,0.77,E09000012,51.5419,-0.0552553
E09000013,Hammersmith and Fulham,2001,123000,0.98,E09000013,51.5064,-0.137447
E09000014,Haringey,2001,75000,0.48,E09000014,51.6002,-0.111927
E09000015,Harrow,2001,80000,0.58,E09000015,51.5846,-0.332159
E09000016,Havering,2001,88000,0.63,E09000016,51.5817,0.186821
E09000017,Hillingdon,2001,185000,1.16,E09000017,51.5289,-0.481374
E09000018,Hounslow,2001,150000,1.02,E09000018,51.4984,-0.1284
E09000019,Islington,2001,168000,1.3,E09000019,51.4984,-0.1284
E09000020,Kensington and Chelsea,2001,149000,1.26,E09000020,51.5013,-0.194346
E09000021,Kingston upon Thames,2001,82000,0.8,E09000021,51.4029,-0.256523
E09000022,Lambeth,2001,130000,0.66,E09000022,51.4603,-0.11663
E09000023,Lewisham,2001,75000,0.43,E09000023,51.447,-0.0187319
E09000024,Merton,2001,81000,0.62,E09000024,51.3985,-0.1986
E09000025,Newham,2001,79000,0.48,E09000025,51.533,0.0540634
E09000026,Redbridge,2001,82000,0.52,E09000026,51.592,0.0836183
E09000027,Richmond upon Thames,2001,85000,0.72,E09000027,51.4479,-0.326159
E09000028,Southwark,2001,190000,1.06,E09000028,51.4737,-0.0821115
E09000029,Sutton,2001,77000,0.65,E09000029,51.3652,-0.195167
E09000030,Tower Hamlets,2001,167000,1.21,E09000030,51.5104,-0.0054912
E09000031,Waltham Forest,2001,69000,0.46,E09000031,51.5916,-0.0053665
E09000032,Wandsworth,2001,124000,0.61,E09000032,51.4572,-0.194519
E09000033,Westminster,2001,612000,4.03,E09000033,51.4974,-0.136655
E09000001,City of London,2002,344000,60.47,E09000001,51.5161,-0.0919444
E09000002,Barking and Dagenham,2002,52000,0.5,E09000002,51.5636,0.152614
E09000003,Barnet,2002,135000,0.64,E09000003,51.5878,-0.229105
E09000004,Bexley,2002,79000,0.57,E09000004,51.5524,-0.30256
E09000005,Brent,2002,116000,0.62,E09000005,51.4042,0.01998
E09000006,Bromley,2002,119000,0.63,E09000006,51.4042,0.01998
E09000007,Camden,2002,287000,1.92,E09000007,51.5275,-0.124663
E09000008,Croydon,2002,149000,0.68,E09000008,51.3726,-0.096801
E09000009,Ealing,2002,133000,0.62,E09000009,51.6537,-0.080609
E09000010,Enfield,2002,104000,0.57,E09000010,51.6537,-0.080609
E09000011,Greenwich,2002,73000,0.5,E09000011,51.4893,0.0647926
E09000012,Hackney,2002,108000,0.75,E09000012,51.5419,-0.0552553
E09000013,Hammersmith and Fulham,2002,119000,0.94,E09000013,51.5064,-0.137447
E09000014,Haringey,2002,75000,0.47,E09000014,51.6002,-0.111927
E09000015,Harrow,2002,80000,0.57,E09000015,51.5846,-0.332159
E09000016,Havering,2002,91000,0.65,E09000016,51.5817,0.186821
E09000017,Hillingdon,2002,182000,1.13,E09000017,51.5289,-0.481374
E09000018,Hounslow,2002,136000,0.91,E09000018,51.4984,-0.1284
E09000019,Islington,2002,169000,1.29,E09000019,51.4984,-0.1284
E09000020,Kensington and Chelsea,2002,140000,1.17,E09000020,51.5013,-0.194346
E09000021,Kingston upon Thames,2002,79000,0.77,E09000021,51.4029,-0.256523
E09000022,Lambeth,2002,137000,0.69,E09000022,51.4603,-0.11663
E09000023,Lewisham,2002,79000,0.45,E09000023,51.447,-0.0187319
E09000024,Merton,2002,77000,0.59,E09000024,51.3985,-0.1986
E09000025,Newham,2002,74000,0.43,E09000025,51.533,0.0540634
E09000026,Redbridge,2002,83000,0.52,E09000026,51.592,0.0836183
E09000027,Richmond upon Thames,2002,80000,0.67,E09000027,51.4479,-0.326159
E09000028,Southwark,2002,166000,0.92,E09000028,51.4737,-0.0821115
E09000029,Sutton,2002,73000,0.62,E09000029,51.3652,-0.195167
E09000030,Tower Hamlets,2002,160000,1.12,E09000030,51.5104,-0.0054912
E09000031,Waltham Forest,2002,70000,0.46,E09000031,51.5916,-0.0053665
E09000032,Wandsworth,2002,127000,0.62,E09000032,51.4572,-0.194519
E09000033,Westminster,2002,598000,3.82,E09000033,51.4974,-0.136655
E09000001,City of London,2003,344000,61.91,E09000001,51.5161,-0.0919444
E09000002,Barking and Dagenham,2003,55000,0.53,E09000002,51.5636,0.152614
E09000003,Barnet,2003,138000,0.65,E09000003,51.5878,-0.229105
E09000004,Bexley,2003,77000,0.55,E09000004,51.5524,-0.30256
E09000005,Brent,2003,119000,0.65,E09000005,51.4042,0.01998
E09000006,Bromley,2003,125000,0.67,E09000006,51.4042,0.01998
E09000007,Camden,2003,279000,1.86,E09000007,51.5275,-0.124663
E09000008,Croydon,2003,153000,0.69,E09000008,51.3726,-0.096801
E09000009,Ealing,2003,137000,0.64,E09000009,51.6537,-0.080609
E09000010,Enfield,2003,111000,0.6,E09000010,51.6537,-0.080609
E09000011,Greenwich,2003,76000,0.51,E09000011,51.4893,0.0647926
E09000012,Hackney,2003,98000,0.68,E09000012,51.5419,-0.0552553
E09000013,Hammersmith and Fulham,2003,125000,0.99,E09000013,51.5064,-0.137447
E09000014,Haringey,2003,78000,0.49,E09000014,51.6002,-0.111927
E09000015,Harrow,2003,83000,0.59,E09000015,51.5846,-0.332159
E09000016,Havering,2003,92000,0.66,E09000016,51.5817,0.186821
E09000017,Hillingdon,2003,182000,1.12,E09000017,51.5289,-0.481374
E09000018,Hounslow,2003,135000,0.91,E09000018,51.4984,-0.1284
E09000019,Islington,2003,177000,1.35,E09000019,51.4984,-0.1284
E09000020,Kensington and Chelsea,2003,133000,1.11,E09000020,51.5013,-0.194346
E09000021,Kingston upon Thames,2003,79000,0.77,E09000021,51.4029,-0.256523
E09000022,Lambeth,2003,140000,0.71,E09000022,51.4603,-0.11663
E09000023,Lewisham,2003,80000,0.46,E09000023,51.447,-0.0187319
E09000024,Merton,2003,77000,0.6,E09000024,51.3985,-0.1986
E09000025,Newham,2003,77000,0.45,E09000025,51.533,0.0540634
E09000026,Redbridge,2003,84000,0.52,E09000026,51.592,0.0836183
E09000027,Richmond upon Thames,2003,84000,0.7,E09000027,51.4479,-0.326159
E09000028,Southwark,2003,178000,0.99,E09000028,51.4737,-0.0821115
E09000029,Sutton,2003,72000,0.61,E09000029,51.3652,-0.195167
E09000030,Tower Hamlets,2003,164000,1.13,E09000030,51.5104,-0.0054912
E09000031,Waltham Forest,2003,70000,0.46,E09000031,51.5916,-0.0053665
E09000032,Wandsworth,2003,127000,0.62,E09000032,51.4572,-0.194519
E09000033,Westminster,2003,605000,3.81,E09000033,51.4974,-0.136655
E09000001,City of London,2004,332000,59.73,E09000001,51.5161,-0.0919444
E09000002,Barking and Dagenham,2004,53000,0.51,E09000002,51.5636,0.152614
E09000003,Barnet,2004,135000,0.63,E09000003,51.5878,-0.229105
E09000004,Bexley,2004,85000,0.61,E09000004,51.5524,-0.30256
E09000005,Brent,2004,119000,0.65,E09000005,51.4042,0.01998
E09000006,Bromley,2004,126000,0.67,E09000006,51.4042,0.01998
E09000007,Camden,2004,278000,1.82,E09000007,51.5275,-0.124663
E09000008,Croydon,2004,153000,0.69,E09000008,51.3726,-0.096801
E09000009,Ealing,2004,136000,0.63,E09000009,51.6537,-0.080609
E09000010,Enfield,2004,110000,0.59,E09000010,51.6537,-0.080609
E09000011,Greenwich,2004,77000,0.5,E09000011,51.4893,0.0647926
E09000012,Hackney,2004,96000,0.65,E09000012,51.5419,-0.0552553
E09000013,Hammersmith and Fulham,2004,128000,1.01,E09000013,51.5064,-0.137447
E09000014,Haringey,2004,78000,0.49,E09000014,51.6002,-0.111927
E09000015,Harrow,2004,81000,0.57,E09000015,51.5846,-0.332159
E09000016,Havering,2004,92000,0.65,E09000016,51.5817,0.186821
E09000017,Hillingdon,2004,196000,1.2,E09000017,51.5289,-0.481374
E09000018,Hounslow,2004,130000,0.86,E09000018,51.4984,-0.1284
E09000019,Islington,2004,179000,1.35,E09000019,51.4984,-0.1284
E09000020,Kensington and Chelsea,2004,131000,1.09,E09000020,51.5013,-0.194346
E09000021,Kingston upon Thames,2004,84000,0.81,E09000021,51.4029,-0.256523
E09000022,Lambeth,2004,142000,0.72,E09000022,51.4603,-0.11663
E09000023,Lewisham,2004,79000,0.46,E09000023,51.447,-0.0187319
E09000024,Merton,2004,91000,0.7,E09000024,51.3985,-0.1986
E09000025,Newham,2004,81000,0.47,E09000025,51.533,0.0540634
E09000026,Redbridge,2004,85000,0.52,E09000026,51.592,0.0836183
E09000027,Richmond upon Thames,2004,82000,0.66,E09000027,51.4479,-0.326159
E09000028,Southwark,2004,195000,1.07,E09000028,51.4737,-0.0821115
E09000029,Sutton,2004,73000,0.62,E09000029,51.3652,-0.195167
E09000030,Tower Hamlets,2004,192000,1.3,E09000030,51.5104,-0.0054912
E09000031,Waltham Forest,2004,69000,0.46,E09000031,51.5916,-0.0053665
E09000032,Wandsworth,2004,127000,0.61,E09000032,51.4572,-0.194519
E09000033,Westminster,2004,597000,3.68,E09000033,51.4974,-0.136655
E09000001,City of London,2005,343000,61.26,E09000001,51.5161,-0.0919444
E09000002,Barking and Dagenham,2005,53000,0.51,E09000002,51.5636,0.152614
E09000003,Barnet,2005,136000,0.63,E09000003,51.5878,-0.229105
E09000004,Bexley,2005,80000,0.57,E09000004,51.5524,-0.30256
E09000005,Brent,2005,118000,0.64,E09000005,51.4042,0.01998
E09000006,Bromley,2005,125000,0.66,E09000006,51.4042,0.01998
E09000007,Camden,2005,292000,1.88,E09000007,51.5275,-0.124663
E09000008,Croydon,2005,150000,0.67,E09000008,51.3726,-0.096801
E09000009,Ealing,2005,138000,0.63,E09000009,51.6537,-0.080609
E09000010,Enfield,2005,116000,0.62,E09000010,51.6537,-0.080609
E09000011,Greenwich,2005,81000,0.52,E09000011,51.4893,0.0647926
E09000012,Hackney,2005,95000,0.63,E09000012,51.5419,-0.0552553
E09000013,Hammersmith and Fulham,2005,136000,1.05,E09000013,51.5064,-0.137447
E09000014,Haringey,2005,84000,0.52,E09000014,51.6002,-0.111927
E09000015,Harrow,2005,81000,0.56,E09000015,51.5846,-0.332159
E09000016,Havering,2005,89000,0.63,E09000016,51.5817,0.186821
E09000017,Hillingdon,2005,196000,1.18,E09000017,51.5289,-0.481374
E09000018,Hounslow,2005,139000,0.9,E09000018,51.4984,-0.1284
E09000019,Islington,2005,192000,1.42,E09000019,51.4984,-0.1284
E09000020,Kensington and Chelsea,2005,134000,1.09,E09000020,51.5013,-0.194346
E09000021,Kingston upon Thames,2005,82000,0.78,E09000021,51.4029,-0.256523
E09000022,Lambeth,2005,141000,0.69,E09000022,51.4603,-0.11663
E09000023,Lewisham,2005,80000,0.45,E09000023,51.447,-0.0187319
E09000024,Merton,2005,85000,0.65,E09000024,51.3985,-0.1986
E09000025,Newham,2005,84000,0.49,E09000025,51.533,0.0540634
E09000026,Redbridge,2005,84000,0.51,E09000026,51.592,0.0836183
E09000027,Richmond upon Thames,2005,88000,0.7,E09000027,51.4479,-0.326159
E09000028,Southwark,2005,201000,1.08,E09000028,51.4737,-0.0821115
E09000029,Sutton,2005,72000,0.6,E09000029,51.3652,-0.195167
E09000030,Tower Hamlets,2005,198000,1.31,E09000030,51.5104,-0.0054912
E09000031,Waltham Forest,2005,76000,0.5,E09000031,51.5916,-0.0053665
E09000032,Wandsworth,2005,124000,0.59,E09000032,51.4572,-0.194519
E09000033,Westminster,2005,614000,3.61,E09000033,51.4974,-0.136655
E09000001,City of London,2006,337000,59.16,E09000001,51.5161,-0.0919444
E09000002,Barking and Dagenham,2006,51000,0.49,E09000002,51.5636,0.152614
E09000003,Barnet,2006,138000,0.63,E09000003,51.5878,-0.229105
E09000004,Bexley,2006,73000,0.52,E09000004,51.5524,-0.30256
E09000005,Brent,2006,110000,0.58,E09000005,51.4042,0.01998
E09000006,Bromley,2006,126000,0.66,E09000006,51.4042,0.01998
E09000007,Camden,2006,280000,1.8,E09000007,51.5275,-0.124663
E09000008,Croydon,2006,148000,0.66,E09000008,51.3726,-0.096801
E09000009,Ealing,2006,136000,0.62,E09000009,51.6537,-0.080609
E09000010,Enfield,2006,106000,0.56,E09000010,51.6537,-0.080609
E09000011,Greenwich,2006,81000,0.51,E09000011,51.4893,0.0647926
E09000012,Hackney,2006,88000,0.57,E09000012,51.5419,-0.0552553
E09000013,Hammersmith and Fulham,2006,133000,1.02,E09000013,51.5064,-0.137447
E09000014,Haringey,2006,82000,0.5,E09000014,51.6002,-0.111927
E09000015,Harrow,2006,83000,0.56,E09000015,51.5846,-0.332159
E09000016,Havering,2006,86000,0.6,E09000016,51.5817,0.186821
E09000017,Hillingdon,2006,201000,1.2,E09000017,51.5289,-0.481374
E09000018,Hounslow,2006,132000,0.83,E09000018,51.4984,-0.1284
E09000019,Islington,2006,181000,1.32,E09000019,51.4984,-0.1284
E09000020,Kensington and Chelsea,2006,132000,1.09,E09000020,51.5013,-0.194346
E09000021,Kingston upon Thames,2006,99000,0.92,E09000021,51.4029,-0.256523
E09000022,Lambeth,2006,137000,0.67,E09000022,51.4603,-0.11663
E09000023,Lewisham,2006,73000,0.41,E09000023,51.447,-0.0187319
E09000024,Merton,2006,79000,0.6,E09000024,51.3985,-0.1986
E09000025,Newham,2006,80000,0.46,E09000025,51.533,0.0540634
E09000026,Redbridge,2006,74000,0.44,E09000026,51.592,0.0836183
E09000027,Richmond upon Thames,2006,84000,0.67,E09000027,51.4479,-0.326159
E09000028,Southwark,2006,210000,1.09,E09000028,51.4737,-0.0821115
E09000029,Sutton,2006,71000,0.59,E09000029,51.3652,-0.195167
E09000030,Tower Hamlets,2006,203000,1.31,E09000030,51.5104,-0.0054912
E09000031,Waltham Forest,2006,70000,0.44,E09000031,51.5916,-0.0053665
E09000032,Wandsworth,2006,128000,0.59,E09000032,51.4572,-0.194519
E09000033,Westminster,2006,605000,3.56,E09000033,51.4974,-0.136655
E09000001,City of London,2007,350000,57.98,E09000001,51.5161,-0.0919444
E09000002,Barking and Dagenham,2007,52000,0.49,E09000002,51.5636,0.152614
E09000003,Barnet,2007,136000,0.62,E09000003,51.5878,-0.229105
E09000004,Bexley,2007,74000,0.52,E09000004,51.5524,-0.30256
E09000005,Brent,2007,111000,0.57,E09000005,51.4042,0.01998
E09000006,Bromley,2007,136000,0.71,E09000006,51.4042,0.01998
E09000007,Camden,2007,296000,1.9,E09000007,51.5275,-0.124663
E09000008,Croydon,2007,152000,0.67,E09000008,51.3726,-0.096801
E09000009,Ealing,2007,140000,0.63,E09000009,51.6537,-0.080609
E09000010,Enfield,2007,108000,0.57,E09000010,51.6537,-0.080609
E09000011,Greenwich,2007,82000,0.51,E09000011,51.4893,0.0647926
E09000012,Hackney,2007,95000,0.6,E09000012,51.5419,-0.0552553
E09000013,Hammersmith and Fulham,2007,134000,1.02,E09000013,51.5064,-0.137447
E09000014,Haringey,2007,81000,0.49,E09000014,51.6002,-0.111927
E09000015,Harrow,2007,83000,0.55,E09000015,51.5846,-0.332159
E09000016,Havering,2007,82000,0.56,E09000016,51.5817,0.186821
E09000017,Hillingdon,2007,202000,1.19,E09000017,51.5289,-0.481374
E09000018,Hounslow,2007,136000,0.84,E09000018,51.4984,-0.1284
E09000019,Islington,2007,201000,1.43,E09000019,51.4984,-0.1284
E09000020,Kensington and Chelsea,2007,128000,1.08,E09000020,51.5013,-0.194346
E09000021,Kingston upon Thames,2007,86000,0.8,E09000021,51.4029,-0.256523
E09000022,Lambeth,2007,138000,0.66,E09000022,51.4603,-0.11663
E09000023,Lewisham,2007,75000,0.41,E09000023,51.447,-0.0187319
E09000024,Merton,2007,78000,0.58,E09000024,51.3985,-0.1986
E09000025,Newham,2007,80000,0.44,E09000025,51.533,0.0540634
E09000026,Redbridge,2007,79000,0.46,E09000026,51.592,0.0836183
E09000027,Richmond upon Thames,2007,89000,0.72,E09000027,51.4479,-0.326159
E09000028,Southwark,2007,222000,1.13,E09000028,51.4737,-0.0821115
E09000029,Sutton,2007,71000,0.59,E09000029,51.3652,-0.195167
E09000030,Tower Hamlets,2007,211000,1.3,E09000030,51.5104,-0.0054912
E09000031,Waltham Forest,2007,67000,0.42,E09000031,51.5916,-0.0053665
E09000032,Wandsworth,2007,130000,0.59,E09000032,51.4572,-0.194519
E09000033,Westminster,2007,623000,3.73,E09000033,51.4974,-0.136655
E09000001,City of London,2008,348000,59.67,E09000001,51.5161,-0.0919444
E09000002,Barking and Dagenham,2008,53000,0.48,E09000002,51.5636,0.152614
E09000003,Barnet,2008,140000,0.63,E09000003,51.5878,-0.229105
E09000004,Bexley,2008,73000,0.51,E09000004,51.5524,-0.30256
E09000005,Brent,2008,109000,0.54,E09000005,51.4042,0.01998
E09000006,Bromley,2008,130000,0.67,E09000006,51.4042,0.01998
E09000007,Camden,2008,307000,2,E09000007,51.5275,-0.124663
E09000008,Croydon,2008,146000,0.63,E09000008,51.3726,-0.096801
E09000009,Ealing,2008,131000,0.58,E09000009,51.6537,-0.080609
E09000010,Enfield,2008,111000,0.57,E09000010,51.6537,-0.080609
E09000011,Greenwich,2008,81000,0.5,E09000011,51.4893,0.0647926
E09000012,Hackney,2008,96000,0.59,E09000012,51.5419,-0.0552553
E09000013,Hammersmith and Fulham,2008,135000,1.02,E09000013,51.5064,-0.137447
E09000014,Haringey,2008,78000,0.45,E09000014,51.6002,-0.111927
E09000015,Harrow,2008,77000,0.5,E09000015,51.5846,-0.332159
E09000016,Havering,2008,87000,0.59,E09000016,51.5817,0.186821
E09000017,Hillingdon,2008,206000,1.19,E09000017,51.5289,-0.481374
E09000018,Hounslow,2008,137000,0.83,E09000018,51.4984,-0.1284
E09000019,Islington,2008,205000,1.44,E09000019,51.4984,-0.1284
E09000020,Kensington and Chelsea,2008,131000,1.1,E09000020,51.5013,-0.194346
E09000021,Kingston upon Thames,2008,87000,0.8,E09000021,51.4029,-0.256523
E09000022,Lambeth,2008,140000,0.66,E09000022,51.4603,-0.11663
E09000023,Lewisham,2008,77000,0.41,E09000023,51.447,-0.0187319
E09000024,Merton,2008,81000,0.6,E09000024,51.3985,-0.1986
E09000025,Newham,2008,77000,0.41,E09000025,51.533,0.0540634
E09000026,Redbridge,2008,83000,0.48,E09000026,51.592,0.0836183
E09000027,Richmond upon Thames,2008,90000,0.73,E09000027,51.4479,-0.326159
E09000028,Southwark,2008,245000,1.22,E09000028,51.4737,-0.0821115
E09000029,Sutton,2008,80000,0.66,E09000029,51.3652,-0.195167
E09000030,Tower Hamlets,2008,220000,1.3,E09000030,51.5104,-0.0054912
E09000031,Waltham Forest,2008,68000,0.41,E09000031,51.5916,-0.0053665
E09000032,Wandsworth,2008,129000,0.59,E09000032,51.4572,-0.194519
E09000033,Westminster,2008,639000,3.89,E09000033,51.4974,-0.136655
E09000001,City of London,2009,362000,61.72,E09000001,51.5161,-0.0919444
E09000002,Barking and Dagenham,2009,47000,0.42,E09000002,51.5636,0.152614
E09000003,Barnet,2009,143000,0.63,E09000003,51.5878,-0.229105
E09000004,Bexley,2009,73000,0.5,E09000004,51.5524,-0.30256
E09000005,Brent,2009,110000,0.53,E09000005,51.4042,0.01998
E09000006,Bromley,2009,119000,0.61,E09000006,51.4042,0.01998
E09000007,Camden,2009,309000,1.99,E09000007,51.5275,-0.124663
E09000008,Croydon,2009,134000,0.57,E09000008,51.3726,-0.096801
E09000009,Ealing,2009,128000,0.56,E09000009,51.6537,-0.080609
E09000010,Enfield,2009,107000,0.54,E09000010,51.6537,-0.080609
E09000011,Greenwich,2009,80000,0.49,E09000011,51.4893,0.0647926
E09000012,Hackney,2009,101000,0.6,E09000012,51.5419,-0.0552553
E09000013,Hammersmith and Fulham,2009,132000,0.98,E09000013,51.5064,-0.137447
E09000014,Haringey,2009,75000,0.42,E09000014,51.6002,-0.111927
E09000015,Harrow,2009,77000,0.5,E09000015,51.5846,-0.332159
E09000016,Havering,2009,80000,0.54,E09000016,51.5817,0.186821
E09000017,Hillingdon,2009,197000,1.12,E09000017,51.5289,-0.481374
E09000018,Hounslow,2009,138000,0.82,E09000018,51.4984,-0.1284
E09000019,Islington,2009,206000,1.4,E09000019,51.4984,-0.1284
E09000020,Kensington and Chelsea,2009,129000,1.1,E09000020,51.5013,-0.194346
E09000021,Kingston upon Thames,2009,84000,0.78,E09000021,51.4029,-0.256523
E09000022,Lambeth,2009,149000,0.69,E09000022,51.4603,-0.11663
E09000023,Lewisham,2009,75000,0.4,E09000023,51.447,-0.0187319
E09000024,Merton,2009,79000,0.58,E09000024,51.3985,-0.1986
E09000025,Newham,2009,80000,0.41,E09000025,51.533,0.0540634
E09000026,Redbridge,2009,79000,0.45,E09000026,51.592,0.0836183
E09000027,Richmond upon Thames,2009,84000,0.68,E09000027,51.4479,-0.326159
E09000028,Southwark,2009,236000,1.15,E09000028,51.4737,-0.0821115
E09000029,Sutton,2009,72000,0.58,E09000029,51.3652,-0.195167
E09000030,Tower Hamlets,2009,217000,1.23,E09000030,51.5104,-0.0054912
E09000031,Waltham Forest,2009,69000,0.41,E09000031,51.5916,-0.0053665
E09000032,Wandsworth,2009,125000,0.56,E09000032,51.4572,-0.194519
E09000033,Westminster,2009,640000,3.95,E09000033,51.4974,-0.136655
E09000001,City of London,2010,388000,68.16,E09000001,51.5161,-0.0919444
E09000002,Barking and Dagenham,2010,51000,0.44,E09000002,51.5636,0.152614
E09000003,Barnet,2010,141000,0.61,E09000003,51.5878,-0.229105
E09000004,Bexley,2010,77000,0.53,E09000004,51.5524,-0.30256
E09000005,Brent,2010,114000,0.54,E09000005,51.4042,0.01998
E09000006,Bromley,2010,120000,0.61,E09000006,51.4042,0.01998
E09000007,Camden,2010,307000,1.97,E09000007,51.5275,-0.124663
E09000008,Croydon,2010,138000,0.58,E09000008,51.3726,-0.096801
E09000009,Ealing,2010,128000,0.55,E09000009,51.6537,-0.080609
E09000010,Enfield,2010,112000,0.56,E09000010,51.6537,-0.080609
E09000011,Greenwich,2010,82000,0.49,E09000011,51.4893,0.0647926
E09000012,Hackney,2010,101000,0.58,E09000012,51.5419,-0.0552553
E09000013,Hammersmith and Fulham,2010,139000,1.03,E09000013,51.5064,-0.137447
E09000014,Haringey,2010,72000,0.4,E09000014,51.6002,-0.111927
E09000015,Harrow,2010,78000,0.5,E09000015,51.5846,-0.332159
E09000016,Havering,2010,82000,0.55,E09000016,51.5817,0.186821
E09000017,Hillingdon,2010,192000,1.08,E09000017,51.5289,-0.481374
E09000018,Hounslow,2010,143000,0.83,E09000018,51.4984,-0.1284
E09000019,Islington,2010,197000,1.32,E09000019,51.4984,-0.1284
E09000020,Kensington and Chelsea,2010,129000,1.11,E09000020,51.5013,-0.194346
E09000021,Kingston upon Thames,2010,85000,0.78,E09000021,51.4029,-0.256523
E09000022,Lambeth,2010,151000,0.68,E09000022,51.4603,-0.11663
E09000023,Lewisham,2010,73000,0.38,E09000023,51.447,-0.0187319
E09000024,Merton,2010,78000,0.57,E09000024,51.3985,-0.1986
E09000025,Newham,2010,80000,0.38,E09000025,51.533,0.0540634
E09000026,Redbridge,2010,78000,0.43,E09000026,51.592,0.0836183
E09000027,Richmond upon Thames,2010,85000,0.68,E09000027,51.4479,-0.326159
E09000028,Southwark,2010,228000,1.09,E09000028,51.4737,-0.0821115
E09000029,Sutton,2010,73000,0.59,E09000029,51.3652,-0.195167
E09000030,Tower Hamlets,2010,223000,1.22,E09000030,51.5104,-0.0054912
E09000031,Waltham Forest,2010,66000,0.38,E09000031,51.5916,-0.0053665
E09000032,Wandsworth,2010,118000,0.52,E09000032,51.4572,-0.194519
E09000033,Westminster,2010,644000,4,E09000033,51.4974,-0.136655
E09000001,City of London,2011,436000,75.79,E09000001,51.5161,-0.0919444
E09000002,Barking and Dagenham,2011,54000,0.45,E09000002,51.5636,0.152614
E09000003,Barnet,2011,147000,0.62,E09000003,51.5878,-0.229105
E09000004,Bexley,2011,78000,0.53,E09000004,51.5524,-0.30256
E09000005,Brent,2011,115000,0.53,E09000005,51.4042,0.01998
E09000006,Bromley,2011,119000,0.61,E09000006,51.4042,0.01998
E09000007,Camden,2011,331000,2.06,E09000007,51.5275,-0.124663
E09000008,Croydon,2011,136000,0.56,E09000008,51.3726,-0.096801
E09000009,Ealing,2011,148000,0.63,E09000009,51.6537,-0.080609
E09000010,Enfield,2011,110000,0.54,E09000010,51.6537,-0.080609
E09000011,Greenwich,2011,81000,0.47,E09000011,51.4893,0.0647926
E09000012,Hackney,2011,113000,0.63,E09000012,51.5419,-0.0552553
E09000013,Hammersmith and Fulham,2011,140000,1.03,E09000013,51.5064,-0.137447
E09000014,Haringey,2011,74000,0.41,E09000014,51.6002,-0.111927
E09000015,Harrow,2011,76000,0.48,E09000015,51.5846,-0.332159
E09000016,Havering,2011,82000,0.55,E09000016,51.5817,0.186821
E09000017,Hillingdon,2011,202000,1.11,E09000017,51.5289,-0.481374
E09000018,Hounslow,2011,150000,0.85,E09000018,51.4984,-0.1284
E09000019,Islington,2011,201000,1.29,E09000019,51.4984,-0.1284
E09000020,Kensington and Chelsea,2011,137000,1.2,E09000020,51.5013,-0.194346
E09000021,Kingston upon Thames,2011,80000,0.73,E09000021,51.4029,-0.256523
E09000022,Lambeth,2011,150000,0.66,E09000022,51.4603,-0.11663
E09000023,Lewisham,2011,75000,0.39,E09000023,51.447,-0.0187319
E09000024,Merton,2011,86000,0.62,E09000024,51.3985,-0.1986
E09000025,Newham,2011,89000,0.41,E09000025,51.533,0.0540634
E09000026,Redbridge,2011,77000,0.42,E09000026,51.592,0.0836183
E09000027,Richmond upon Thames,2011,95000,0.76,E09000027,51.4479,-0.326159
E09000028,Southwark,2011,247000,1.16,E09000028,51.4737,-0.0821115
E09000029,Sutton,2011,78000,0.62,E09000029,51.3652,-0.195167
E09000030,Tower Hamlets,2011,251000,1.32,E09000030,51.5104,-0.0054912
E09000031,Waltham Forest,2011,71000,0.4,E09000031,51.5916,-0.0053665
E09000032,Wandsworth,2011,125000,0.55,E09000032,51.4572,-0.194519
E09000033,Westminster,2011,674000,4.16,E09000033,51.4974,-0.136655
E09000001,City of London,2012,449000,92.41,E09000001,51.5161,-0.0919444
E09000002,Barking and Dagenham,2012,55000,0.46,E09000002,51.5636,0.152614
E09000003,Barnet,2012,154000,0.65,E09000003,51.5878,-0.229105
E09000004,Bexley,2012,78000,0.53,E09000004,51.5524,-0.30256
E09000005,Brent,2012,123000,0.57,E09000005,51.4042,0.01998
E09000006,Bromley,2012,122000,0.62,E09000006,51.4042,0.01998
E09000007,Camden,2012,344000,2.12,E09000007,51.5275,-0.124663
E09000008,Croydon,2012,141000,0.58,E09000008,51.3726,-0.096801
E09000009,Ealing,2012,148000,0.64,E09000009,51.6537,-0.080609
E09000010,Enfield,2012,117000,0.57,E09000010,51.6537,-0.080609
E09000011,Greenwich,2012,82000,0.46,E09000011,51.4893,0.0647926
E09000012,Hackney,2012,112000,0.62,E09000012,51.5419,-0.0552553
E09000013,Hammersmith and Fulham,2012,147000,1.09,E09000013,51.5064,-0.137447
E09000014,Haringey,2012,80000,0.44,E09000014,51.6002,-0.111927
E09000015,Harrow,2012,79000,0.5,E09000015,51.5846,-0.332159
E09000016,Havering,2012,84000,0.56,E09000016,51.5817,0.186821
E09000017,Hillingdon,2012,213000,1.15,E09000017,51.5289,-0.481374
E09000018,Hounslow,2012,160000,0.9,E09000018,51.4984,-0.1284
E09000019,Islington,2012,206000,1.3,E09000019,51.4984,-0.1284
E09000020,Kensington and Chelsea,2012,144000,1.28,E09000020,51.5013,-0.194346
E09000021,Kingston upon Thames,2012,81000,0.73,E09000021,51.4029,-0.256523
E09000022,Lambeth,2012,152000,0.66,E09000022,51.4603,-0.11663
E09000023,Lewisham,2012,78000,0.4,E09000023,51.447,-0.0187319
E09000024,Merton,2012,89000,0.65,E09000024,51.3985,-0.1986
E09000025,Newham,2012,97000,0.44,E09000025,51.533,0.0540634
E09000026,Redbridge,2012,88000,0.47,E09000026,51.592,0.0836183
E09000027,Richmond upon Thames,2012,92000,0.74,E09000027,51.4479,-0.326159
E09000028,Southwark,2012,270000,1.25,E09000028,51.4737,-0.0821115
E09000029,Sutton,2012,79000,0.63,E09000029,51.3652,-0.195167
E09000030,Tower Hamlets,2012,253000,1.3,E09000030,51.5104,-0.0054912
E09000031,Waltham Forest,2012,77000,0.43,E09000031,51.5916,-0.0053665
E09000032,Wandsworth,2012,136000,0.59,E09000032,51.4572,-0.194519
E09000033,Westminster,2012,698000,4.26,E09000033,51.4974,-0.136655
E09000001,City of London,2013,463000,110.98,E09000001,51.5161,-0.0919444
E09000002,Barking and Dagenham,2013,54000,0.44,E09000002,51.5636,0.152614
E09000003,Barnet,2013,159000,0.66,E09000003,51.5878,-0.229105
E09000004,Bexley,2013,80000,0.54,E09000004,51.5524,-0.30256
E09000005,Brent,2013,125000,0.57,E09000005,51.4042,0.01998
E09000006,Bromley,2013,129000,0.64,E09000006,51.4042,0.01998
E09000007,Camden,2013,355000,2.15,E09000007,51.5275,-0.124663
E09000008,Croydon,2013,130000,0.53,E09000008,51.3726,-0.096801
E09000009,Ealing,2013,152000,0.65,E09000009,51.6537,-0.080609
E09000010,Enfield,2013,118000,0.57,E09000010,51.6537,-0.080609
E09000011,Greenwich,2013,86000,0.48,E09000011,51.4893,0.0647926
E09000012,Hackney,2013,111000,0.6,E09000012,51.5419,-0.0552553
E09000013,Hammersmith and Fulham,2013,141000,1.05,E09000013,51.5064,-0.137447
E09000014,Haringey,2013,84000,0.46,E09000014,51.6002,-0.111927
E09000015,Harrow,2013,78000,0.5,E09000015,51.5846,-0.332159
E09000016,Havering,2013,91000,0.6,E09000016,51.5817,0.186821
E09000017,Hillingdon,2013,213000,1.14,E09000017,51.5289,-0.481374
E09000018,Hounslow,2013,167000,0.94,E09000018,51.4984,-0.1284
E09000019,Islington,2013,220000,1.36,E09000019,51.4984,-0.1284
E09000020,Kensington and Chelsea,2013,141000,1.27,E09000020,51.5013,-0.194346
E09000021,Kingston upon Thames,2013,80000,0.72,E09000021,51.4029,-0.256523
E09000022,Lambeth,2013,168000,0.72,E09000022,51.4603,-0.11663
E09000023,Lewisham,2013,82000,0.41,E09000023,51.447,-0.0187319
E09000024,Merton,2013,96000,0.69,E09000024,51.3985,-0.1986
E09000025,Newham,2013,104000,0.46,E09000025,51.533,0.0540634
E09000026,Redbridge,2013,84000,0.45,E09000026,51.592,0.0836183
E09000027,Richmond upon Thames,2013,95000,0.76,E09000027,51.4479,-0.326159
E09000028,Southwark,2013,256000,1.17,E09000028,51.4737,-0.0821115
E09000029,Sutton,2013,77000,0.61,E09000029,51.3652,-0.195167
E09000030,Tower Hamlets,2013,269000,1.33,E09000030,51.5104,-0.0054912
E09000031,Waltham Forest,2013,81000,0.45,E09000031,51.5916,-0.0053665
E09000032,Wandsworth,2013,134000,0.58,E09000032,51.4572,-0.194519
E09000033,Westminster,2013,717000,4.39,E09000033,51.4974,-0.136655
E09000001,City of London,2014,498000,121.23,E09000001,51.5161,-0.0919444
E09000002,Barking and Dagenham,2014,59000,0.47,E09000002,51.5636,0.152614
E09000003,Barnet,2014,165000,0.68,E09000003,51.5878,-0.229105
E09000004,Bexley,2014,80000,0.53,E09000004,51.5524,-0.30256
E09000005,Brent,2014,131000,0.6,E09000005,51.4042,0.01998
E09000006,Bromley,2014,127000,0.63,E09000006,51.4042,0.01998
E09000007,Camden,2014,379000,2.25,E09000007,51.5275,-0.124663
E09000008,Croydon,2014,142000,0.58,E09000008,51.3726,-0.096801
E09000009,Ealing,2014,159000,0.69,E09000009,51.6537,-0.080609
E09000010,Enfield,2014,127000,0.61,E09000010,51.6537,-0.080609
E09000011,Greenwich,2014,95000,0.52,E09000011,51.4893,0.0647926
E09000012,Hackney,2014,131000,0.69,E09000012,51.5419,-0.0552553
E09000013,Hammersmith and Fulham,2014,148000,1.12,E09000013,51.5064,-0.137447
E09000014,Haringey,2014,90000,0.48,E09000014,51.6002,-0.111927
E09000015,Harrow,2014,89000,0.56,E09000015,51.5846,-0.332159
E09000016,Havering,2014,90000,0.59,E09000016,51.5817,0.186821
E09000017,Hillingdon,2014,220000,1.15,E09000017,51.5289,-0.481374
E09000018,Hounslow,2014,164000,0.91,E09000018,51.4984,-0.1284
E09000019,Islington,2014,231000,1.39,E09000019,51.4984,-0.1284
E09000020,Kensington and Chelsea,2014,141000,1.28,E09000020,51.5013,-0.194346
E09000021,Kingston upon Thames,2014,82000,0.73,E09000021,51.4029,-0.256523
E09000022,Lambeth,2014,180000,0.76,E09000022,51.4603,-0.11663
E09000023,Lewisham,2014,88000,0.43,E09000023,51.447,-0.0187319
E09000024,Merton,2014,97000,0.7,E09000024,51.3985,-0.1986
E09000025,Newham,2014,112000,0.48,E09000025,51.533,0.0540634
E09000026,Redbridge,2014,89000,0.47,E09000026,51.592,0.0836183
E09000027,Richmond upon Thames,2014,95000,0.76,E09000027,51.4479,-0.326159
E09000028,Southwark,2014,282000,1.27,E09000028,51.4737,-0.0821115
E09000029,Sutton,2014,78000,0.61,E09000029,51.3652,-0.195167
E09000030,Tower Hamlets,2014,278000,1.32,E09000030,51.5104,-0.0054912
E09000031,Waltham Forest,2014,84000,0.46,E09000031,51.5916,-0.0053665
E09000032,Wandsworth,2014,134000,0.57,E09000032,51.4572,-0.194519
E09000033,Westminster,2014,737000,4.45,E09000033,51.4974,-0.136655
E09000001,City of London,2015,541000,121.73,E09000001,51.5161,-0.0919444
E09000002,Barking and Dagenham,2015,62000,0.48,E09000002,51.5636,0.152614
E09000003,Barnet,2015,168000,0.68,E09000003,51.5878,-0.229105
E09000004,Bexley,2015,86000,0.57,E09000004,51.5524,-0.30256
E09000005,Brent,2015,136000,0.62,E09000005,51.4042,0.01998
E09000006,Bromley,2015,124000,0.61,E09000006,51.4042,0.01998
E09000007,Camden,2015,383000,2.21,E09000007,51.5275,-0.124663
E09000008,Croydon,2015,144000,0.58,E09000008,51.3726,-0.096801
E09000009,Ealing,2015,163000,0.71,E09000009,51.6537,-0.080609
E09000010,Enfield,2015,133000,0.63,E09000010,51.6537,-0.080609
E09000011,Greenwich,2015,96000,0.51,E09000011,51.4893,0.0647926
E09000012,Hackney,2015,136000,0.7,E09000012,51.5419,-0.0552553
E09000013,Hammersmith and Fulham,2015,154000,1.16,E09000013,51.5064,-0.137447
E09000014,Haringey,2015,93000,0.49,E09000014,51.6002,-0.111927
E09000015,Harrow,2015,88000,0.55,E09000015,51.5846,-0.332159
E09000016,Havering,2015,93000,0.6,E09000016,51.5817,0.186821
E09000017,Hillingdon,2015,202000,1.04,E09000017,51.5289,-0.481374
E09000018,Hounslow,2015,187000,1.04,E09000018,51.4984,-0.1284
E09000019,Islington,2015,250000,1.46,E09000019,51.4984,-0.1284
E09000020,Kensington and Chelsea,2015,150000,1.36,E09000020,51.5013,-0.194346
E09000021,Kingston upon Thames,2015,95000,0.82,E09000021,51.4029,-0.256523
E09000022,Lambeth,2015,185000,0.77,E09000022,51.4603,-0.11663
E09000023,Lewisham,2015,83000,0.4,E09000023,51.447,-0.0187319
E09000024,Merton,2015,98000,0.7,E09000024,51.3985,-0.1986
E09000025,Newham,2015,114000,0.48,E09000025,51.533,0.0540634
E09000026,Redbridge,2015,92000,0.47,E09000026,51.592,0.0836183
E09000027,Richmond upon Thames,2015,102000,0.82,E09000027,51.4479,-0.326159
E09000028,Southwark,2015,289000,1.28,E09000028,51.4737,-0.0821115
E09000029,Sutton,2015,80000,0.62,E09000029,51.3652,-0.195167
E09000030,Tower Hamlets,2015,298000,1.37,E09000030,51.5104,-0.0054912
E09000031,Waltham Forest,2015,86000,0.47,E09000031,51.5916,-0.0053665
E09000032,Wandsworth,2015,144000,0.61,E09000032,51.4572,-0.194519
E09000033,Westminster,2015,756000,4.42,E09000033,51.4974,-0.136655
E09000001,City of London,2016,574000,119.44,E09000001,51.5161,-0.0919444
E09000002,Barking and Dagenham,2016,64000,0.48,E09000002,51.5636,0.152614
E09000003,Barnet,2016,167000,0.67,E09000003,51.5878,-0.229105
E09000004,Bexley,2016,88000,0.57,E09000004,51.5524,-0.30256
E09000005,Brent,2016,142000,0.64,E09000005,51.4042,0.01998
E09000006,Bromley,2016,125000,0.61,E09000006,51.4042,0.01998
E09000007,Camden,2016,397000,2.25,E09000007,51.5275,-0.124663
E09000008,Croydon,2016,145000,0.58,E09000008,51.3726,-0.096801
E09000009,Ealing,2016,166000,0.72,E09000009,51.6537,-0.080609
E09000010,Enfield,2016,131000,0.61,E09000010,51.6537,-0.080609
E09000011,Greenwich,2016,95000,0.5,E09000011,51.4893,0.0647926
E09000012,Hackney,2016,149000,0.76,E09000012,51.5419,-0.0552553
E09000013,Hammersmith and Fulham,2016,157000,1.2,E09000013,51.5064,-0.137447
E09000014,Haringey,2016,91000,0.48,E09000014,51.6002,-0.111927
E09000015,Harrow,2016,89000,0.56,E09000015,51.5846,-0.332159
E09000016,Havering,2016,97000,0.61,E09000016,51.5817,0.186821
E09000017,Hillingdon,2016,206000,1.05,E09000017,51.5289,-0.481374
E09000018,Hounslow,2016,196000,1.09,E09000018,51.4984,-0.1284
E09000019,Islington,2016,255000,1.46,E09000019,51.4984,-0.1284
E09000020,Kensington and Chelsea,2016,149000,1.39,E09000020,51.5013,-0.194346
E09000021,Kingston upon Thames,2016,93000,0.81,E09000021,51.4029,-0.256523
E09000022,Lambeth,2016,174000,0.72,E09000022,51.4603,-0.11663
E09000023,Lewisham,2016,82000,0.39,E09000023,51.447,-0.0187319
E09000024,Merton,2016,99000,0.72,E09000024,51.3985,-0.1986
E09000025,Newham,2016,118000,0.48,E09000025,51.533,0.0540634
E09000026,Redbridge,2016,90000,0.46,E09000026,51.592,0.0836183
E09000027,Richmond upon Thames,2016,102000,0.82,E09000027,51.4479,-0.326159
E09000028,Southwark,2016,295000,1.29,E09000028,51.4737,-0.0821115
E09000029,Sutton,2016,82000,0.63,E09000029,51.3652,-0.195167
E09000030,Tower Hamlets,2016,299000,1.35,E09000030,51.5104,-0.0054912
E09000031,Waltham Forest,2016,87000,0.47,E09000031,51.5916,-0.0053665
E09000032,Wandsworth,2016,144000,0.62,E09000032,51.4572,-0.194519
E09000033,Westminster,2016,758000,4.38,E09000033,51.4974,-0.136655
E09000001,City of London,2017,628000,125.12,E09000001,51.5161,-0.0919444
E09000002,Barking and Dagenham,2017,65000,0.49,E09000002,51.5636,0.152614
E09000003,Barnet,2017,177000,0.71,E09000003,51.5878,-0.229105
E09000004,Bexley,2017,90000,0.58,E09000004,51.5524,-0.30256
E09000005,Brent,2017,156000,0.71,E09000005,51.4042,0.01998
E09000006,Bromley,2017,134000,0.65,E09000006,51.4042,0.01998
E09000007,Camden,2017,398000,2.22,E09000007,51.5275,-0.124663
E09000008,Croydon,2017,155000,0.62,E09000008,51.3726,-0.096801
E09000009,Ealing,2017,168000,0.74,E09000009,51.6537,-0.080609
E09000010,Enfield,2017,126000,0.59,E09000010,51.6537,-0.080609
E09000011,Greenwich,2017,101000,0.53,E09000011,51.4893,0.0647926
E09000012,Hackney,2017,138000,0.7,E09000012,51.5419,-0.0552553
E09000013,Hammersmith and Fulham,2017,156000,1.19,E09000013,51.5064,-0.137447
E09000014,Haringey,2017,92000,0.48,E09000014,51.6002,-0.111927
E09000015,Harrow,2017,98000,0.62,E09000015,51.5846,-0.332159
E09000016,Havering,2017,102000,0.64,E09000016,51.5817,0.186821
E09000017,Hillingdon,2017,215000,1.09,E09000017,51.5289,-0.481374
E09000018,Hounslow,2017,187000,1.04,E09000018,51.4984,-0.1284
E09000019,Islington,2017,247000,1.4,E09000019,51.4984,-0.1284
E09000020,Kensington and Chelsea,2017,165000,1.56,E09000020,51.5013,-0.194346
E09000021,Kingston upon Thames,2017,100000,0.86,E09000021,51.4029,-0.256523
E09000022,Lambeth,2017,187000,0.78,E09000022,51.4603,-0.11663
E09000023,Lewisham,2017,87000,0.41,E09000023,51.447,-0.0187319
E09000024,Merton,2017,105000,0.76,E09000024,51.3985,-0.1986
E09000025,Newham,2017,125000,0.51,E09000025,51.533,0.0540634
E09000026,Redbridge,2017,97000,0.5,E09000026,51.592,0.0836183
E09000027,Richmond upon Thames,2017,107000,0.86,E09000027,51.4479,-0.326159
E09000028,Southwark,2017,316000,1.37,E09000028,51.4737,-0.0821115
E09000029,Sutton,2017,84000,0.65,E09000029,51.3652,-0.195167
E09000030,Tower Hamlets,2017,318000,1.4,E09000030,51.5104,-0.0054912
E09000031,Waltham Forest,2017,88000,0.47,E09000031,51.5916,-0.0053665
E09000032,Wandsworth,2017,151000,0.64,E09000032,51.4572,-0.194519
E09000033,Westminster,2017,759000,4.36,E09000033,51.4974,-0.136655
